subscription_id,user_id,plan,billing_period,amount,payment_method,subscription_date,renewal_date,status
sub_e551a618,user_00001,Basic,monthly,49000,e_wallet,2026-01-14,2026-02-13,expired
sub_d66b9d78,user_00002,Premium,monthly,119000,bank_transfer,2025-07-02,2025-08-01,active
sub_5b84298d,user_00003,Basic,annual,499000,debit_card,2025-11-24,2026-11-24,active
sub_e0675e7e,user_00004,Standard,monthly,79000,bank_transfer,2025-05-03,2025-06-02,active
sub_84ebde76,user_00005,Standard,annual,799000,credit_card,2025-08-27,2026-08-27,active
sub_596a55a9,user_00008,Basic,monthly,49000,debit_card,2026-02-05,2026-03-07,expired
sub_e8dcf0b3,user_00009,Basic,monthly,49000,bank_transfer,2025-07-10,2025-08-09,active
sub_40ebb5c8,user_00010,Standard,monthly,79000,bank_transfer,2025-05-11,2025-06-10,active
sub_074b2963,user_00011,Basic,annual,499000,bank_transfer,2025-05-28,2026-05-28,active
sub_e0ee5705,user_00012,Basic,annual,499000,debit_card,2026-01-14,2027-01-14,cancelled
sub_62f2a8d8,user_00013,Premium,monthly,119000,e_wallet,2025-11-02,2025-12-02,cancelled
sub_f1d15d6c,user_00014,Premium,annual,1199000,credit_card,2026-02-19,2027-02-19,active
sub_8fa48092,user_00015,Basic,annual,499000,e_wallet,2025-06-06,2026-06-06,expired
sub_7bc4fbd6,user_00016,Basic,annual,499000,credit_card,2025-04-23,2026-04-23,cancelled
sub_5dcdd2ae,user_00017,Premium,monthly,119000,bank_transfer,2026-04-01,2026-05-01,active
sub_5bc10b3d,user_00020,Basic,annual,499000,e_wallet,2025-05-09,2026-05-09,active
sub_b0746fe6,user_00021,Standard,annual,799000,debit_card,2025-09-21,2026-09-21,cancelled
sub_43357d41,user_00024,Premium,annual,1199000,e_wallet,2026-03-01,2027-03-01,expired
sub_024c03a7,user_00025,Basic,monthly,49000,credit_card,2025-12-10,2026-01-09,active
sub_96c84916,user_00026,Premium,monthly,119000,bank_transfer,2025-08-07,2025-09-06,expired
sub_d35d2df7,user_00027,Basic,annual,499000,credit_card,2025-10-04,2026-10-04,active
sub_8ec7dc3c,user_00028,Standard,monthly,79000,credit_card,2026-03-08,2026-04-07,cancelled
sub_d7bd4769,user_00029,Basic,monthly,49000,bank_transfer,2026-03-06,2026-04-05,active
sub_3b857aca,user_00030,Premium,annual,1199000,e_wallet,2026-03-01,2027-03-01,active
sub_ee14f654,user_00031,Premium,annual,1199000,credit_card,2025-05-13,2026-05-13,expired
sub_be0844c0,user_00032,Premium,annual,1199000,credit_card,2026-03-11,2027-03-11,active
sub_925a39a7,user_00033,Premium,annual,1199000,e_wallet,2025-10-11,2026-10-11,active
sub_7b30b3af,user_00035,Premium,monthly,119000,debit_card,2025-08-03,2025-09-02,expired
sub_4993e160,user_00037,Premium,monthly,119000,e_wallet,2026-01-15,2026-02-14,cancelled
sub_cc06bc76,user_00042,Standard,monthly,79000,credit_card,2025-09-02,2025-10-02,cancelled
sub_4bd0bf76,user_00043,Standard,annual,799000,e_wallet,2025-06-05,2026-06-05,active
sub_ee62c605,user_00044,Basic,annual,499000,debit_card,2026-01-17,2027-01-17,active
sub_206a02e9,user_00045,Standard,annual,799000,bank_transfer,2025-11-04,2026-11-04,expired
sub_bd305aba,user_00046,Standard,annual,799000,credit_card,2025-12-15,2026-12-15,active
sub_c1eaa604,user_00047,Basic,annual,499000,e_wallet,2025-06-13,2026-06-13,active
sub_bae81ca3,user_00048,Premium,monthly,119000,debit_card,2025-11-27,2025-12-27,active
sub_4fb4b80c,user_00050,Premium,monthly,119000,debit_card,2025-06-30,2025-07-30,active
sub_7ebc2db0,user_00051,Basic,annual,499000,credit_card,2025-09-15,2026-09-15,active
sub_e5cb7fef,user_00052,Basic,annual,499000,bank_transfer,2025-10-12,2026-10-12,active
sub_c39433ba,user_00053,Basic,monthly,49000,debit_card,2025-10-30,2025-11-29,active
sub_3a10e2b8,user_00055,Basic,annual,499000,bank_transfer,2025-07-15,2026-07-15,active
sub_a9c0772b,user_00056,Premium,monthly,119000,e_wallet,2025-08-09,2025-09-08,expired
sub_a7ba6649,user_00057,Premium,annual,1199000,e_wallet,2025-05-18,2026-05-18,active
sub_9f4cb1c9,user_00058,Standard,monthly,79000,e_wallet,2025-11-15,2025-12-15,active
sub_0746bee1,user_00060,Basic,annual,499000,bank_transfer,2025-05-06,2026-05-06,active
sub_085d9479,user_00061,Premium,monthly,119000,credit_card,2025-12-16,2026-01-15,expired
sub_1a01a1bb,user_00062,Standard,monthly,79000,bank_transfer,2026-01-21,2026-02-20,active
sub_23a5429e,user_00063,Basic,annual,499000,e_wallet,2025-08-11,2026-08-11,active
sub_195bc82e,user_00064,Standard,monthly,79000,bank_transfer,2026-01-27,2026-02-26,active
sub_2651c0f1,user_00065,Standard,annual,799000,bank_transfer,2025-09-19,2026-09-19,active
sub_b46a4e8e,user_00067,Standard,annual,799000,e_wallet,2026-03-03,2027-03-03,active
sub_d8c12595,user_00069,Premium,annual,1199000,debit_card,2025-04-26,2026-04-26,active
sub_9178a063,user_00070,Basic,monthly,49000,bank_transfer,2025-12-20,2026-01-19,active
sub_c95ae2ea,user_00071,Basic,annual,499000,credit_card,2026-03-03,2027-03-03,active
sub_e6821b27,user_00072,Standard,annual,799000,bank_transfer,2026-02-07,2027-02-07,active
sub_95bb077f,user_00073,Premium,annual,1199000,bank_transfer,2025-05-04,2026-05-04,expired
sub_0ca3df0f,user_00074,Standard,annual,799000,e_wallet,2025-10-20,2026-10-20,active
sub_4d98bc15,user_00076,Basic,annual,499000,credit_card,2025-11-23,2026-11-23,active
sub_36022572,user_00077,Standard,annual,799000,bank_transfer,2025-10-30,2026-10-30,active
sub_58b1dece,user_00079,Standard,annual,799000,credit_card,2026-01-24,2027-01-24,cancelled
sub_86c639a1,user_00080,Basic,annual,499000,credit_card,2025-10-22,2026-10-22,expired
sub_1979f656,user_00081,Premium,monthly,119000,e_wallet,2026-01-27,2026-02-26,cancelled
sub_5de7ae43,user_00083,Premium,monthly,119000,debit_card,2026-01-27,2026-02-26,cancelled
sub_87524be6,user_00084,Premium,annual,1199000,bank_transfer,2025-12-30,2026-12-30,expired
sub_2d29497e,user_00085,Basic,monthly,49000,e_wallet,2025-08-17,2025-09-16,active
sub_488abe31,user_00086,Basic,annual,499000,e_wallet,2025-10-16,2026-10-16,expired
sub_36c5b9e8,user_00087,Basic,monthly,49000,debit_card,2025-05-05,2025-06-04,active
sub_14dee112,user_00088,Standard,annual,799000,credit_card,2025-08-10,2026-08-10,cancelled
sub_7c8f254e,user_00089,Basic,annual,499000,debit_card,2025-05-14,2026-05-14,expired
sub_7fa8f3e7,user_00092,Premium,annual,1199000,e_wallet,2025-05-12,2026-05-12,active
sub_74aa8dc4,user_00093,Basic,annual,499000,credit_card,2025-07-16,2026-07-16,expired
sub_092b3388,user_00094,Premium,annual,1199000,e_wallet,2025-11-22,2026-11-22,cancelled
sub_83aa7618,user_00095,Premium,monthly,119000,credit_card,2025-04-09,2025-05-09,cancelled
sub_9154e9c7,user_00097,Standard,annual,799000,debit_card,2026-04-04,2027-04-04,active
sub_60923517,user_00098,Basic,annual,499000,debit_card,2026-03-25,2027-03-25,expired
sub_e0b3835c,user_00099,Premium,annual,1199000,debit_card,2025-12-08,2026-12-08,cancelled
sub_fb4b2677,user_00100,Standard,annual,799000,credit_card,2025-06-14,2026-06-14,active
sub_dfa1ac7d,user_00101,Standard,monthly,79000,debit_card,2025-08-23,2025-09-22,active
sub_57df27f8,user_00102,Basic,monthly,49000,debit_card,2025-09-08,2025-10-08,active
sub_d591b2d6,user_00103,Standard,monthly,79000,bank_transfer,2025-07-01,2025-07-31,active
sub_ce5b3217,user_00104,Basic,monthly,49000,e_wallet,2025-11-04,2025-12-04,active
sub_9394ac7d,user_00107,Standard,annual,799000,e_wallet,2025-07-05,2026-07-05,cancelled
sub_aff1beba,user_00109,Premium,monthly,119000,bank_transfer,2025-07-21,2025-08-20,active
sub_907d2a20,user_00110,Premium,monthly,119000,e_wallet,2025-12-17,2026-01-16,active
sub_09959c46,user_00112,Basic,monthly,49000,debit_card,2025-08-13,2025-09-12,active
sub_47590944,user_00113,Premium,monthly,119000,bank_transfer,2025-08-12,2025-09-11,active
sub_c203a4ee,user_00114,Basic,monthly,49000,bank_transfer,2025-07-06,2025-08-05,active
sub_176b6ca8,user_00117,Premium,annual,1199000,debit_card,2025-08-05,2026-08-05,active
sub_e7772741,user_00121,Basic,annual,499000,debit_card,2025-11-19,2026-11-19,active
sub_faee1e21,user_00122,Premium,annual,1199000,credit_card,2025-11-18,2026-11-18,active
sub_67c7c6a1,user_00123,Standard,annual,799000,e_wallet,2026-03-08,2027-03-08,expired
sub_fff02e74,user_00124,Standard,monthly,79000,e_wallet,2025-12-18,2026-01-17,active
sub_c9f3cccf,user_00125,Premium,annual,1199000,bank_transfer,2026-03-13,2027-03-13,active
sub_a215dd60,user_00129,Premium,annual,1199000,bank_transfer,2025-10-15,2026-10-15,active
sub_5a423543,user_00130,Basic,annual,499000,credit_card,2025-08-02,2026-08-02,active
sub_1b16d5a1,user_00131,Standard,monthly,79000,debit_card,2025-07-05,2025-08-04,active
sub_01dc550a,user_00132,Standard,annual,799000,bank_transfer,2025-07-02,2026-07-02,active
sub_8b50d4b3,user_00133,Premium,monthly,119000,debit_card,2026-01-26,2026-02-25,expired
sub_7d539d1f,user_00134,Standard,monthly,79000,bank_transfer,2026-02-21,2026-03-23,expired
sub_a1726cdd,user_00135,Premium,monthly,119000,debit_card,2026-01-23,2026-02-22,cancelled
sub_498cb83e,user_00137,Premium,monthly,119000,e_wallet,2026-03-09,2026-04-08,active
sub_8c871a79,user_00138,Standard,annual,799000,bank_transfer,2025-08-15,2026-08-15,active
sub_c876abe4,user_00139,Premium,monthly,119000,debit_card,2025-09-22,2025-10-22,active
sub_7acde766,user_00143,Basic,monthly,49000,e_wallet,2025-07-17,2025-08-16,active
sub_72bb69a5,user_00144,Basic,annual,499000,e_wallet,2025-11-17,2026-11-17,active
sub_1a2fffe2,user_00145,Basic,annual,499000,bank_transfer,2025-05-17,2026-05-17,cancelled
sub_204098bb,user_00146,Standard,monthly,79000,debit_card,2025-07-23,2025-08-22,expired
sub_4a79b695,user_00147,Standard,monthly,79000,debit_card,2025-04-18,2025-05-18,expired
sub_7e7fe766,user_00148,Premium,monthly,119000,bank_transfer,2025-07-25,2025-08-24,expired
sub_951e30c3,user_00150,Basic,annual,499000,e_wallet,2025-08-18,2026-08-18,active
sub_c7e65444,user_00152,Standard,monthly,79000,debit_card,2025-10-06,2025-11-05,active
sub_da39e4de,user_00153,Basic,monthly,49000,debit_card,2025-07-19,2025-08-18,active
sub_1dc38b54,user_00154,Standard,annual,799000,credit_card,2025-09-14,2026-09-14,cancelled
sub_8c93da30,user_00155,Premium,annual,1199000,bank_transfer,2025-08-16,2026-08-16,active
sub_29036256,user_00156,Standard,monthly,79000,e_wallet,2026-01-04,2026-02-03,active
sub_7118bd30,user_00157,Standard,annual,799000,credit_card,2025-08-19,2026-08-19,expired
sub_0e998f46,user_00158,Basic,monthly,49000,debit_card,2025-12-19,2026-01-18,active
sub_eafc8536,user_00159,Premium,monthly,119000,credit_card,2025-05-01,2025-05-31,active
sub_b89832cd,user_00161,Premium,annual,1199000,debit_card,2025-09-20,2026-09-20,expired
sub_b6d242fd,user_00163,Premium,monthly,119000,credit_card,2026-02-21,2026-03-23,cancelled
sub_888a0b6a,user_00164,Standard,annual,799000,e_wallet,2025-09-26,2026-09-26,active
sub_9e865c1d,user_00165,Basic,monthly,49000,e_wallet,2025-06-10,2025-07-10,expired
sub_6b72a4f5,user_00166,Basic,monthly,49000,debit_card,2025-05-14,2025-06-13,active
sub_88321160,user_00167,Standard,annual,799000,bank_transfer,2025-12-31,2026-12-31,active
sub_df1069a4,user_00168,Basic,annual,499000,credit_card,2025-05-14,2026-05-14,expired
sub_56224652,user_00170,Standard,annual,799000,debit_card,2025-05-11,2026-05-11,active
sub_c9f77aaf,user_00171,Premium,annual,1199000,credit_card,2026-02-05,2027-02-05,active
sub_c1e2c59e,user_00174,Premium,monthly,119000,debit_card,2026-04-03,2026-05-03,active
sub_d66692c0,user_00175,Standard,monthly,79000,credit_card,2025-10-23,2025-11-22,active
sub_8f4ad1c9,user_00176,Premium,monthly,119000,credit_card,2025-04-30,2025-05-30,expired
sub_5553e55f,user_00177,Premium,monthly,119000,bank_transfer,2026-03-02,2026-04-01,active
sub_67fdcdbf,user_00178,Standard,monthly,79000,credit_card,2026-02-08,2026-03-10,active
sub_b9eea266,user_00181,Standard,annual,799000,debit_card,2025-10-22,2026-10-22,expired
sub_7478ce09,user_00182,Standard,annual,799000,debit_card,2026-03-31,2027-03-31,expired
sub_319e4b9e,user_00184,Basic,monthly,49000,bank_transfer,2025-10-25,2025-11-24,active
sub_6caf7d71,user_00185,Standard,annual,799000,debit_card,2025-07-14,2026-07-14,active
sub_bedbbb1c,user_00186,Basic,annual,499000,e_wallet,2025-06-28,2026-06-28,active
sub_54ec2ba3,user_00188,Standard,annual,799000,bank_transfer,2025-12-28,2026-12-28,active
sub_0d22deed,user_00189,Basic,annual,499000,e_wallet,2025-11-10,2026-11-10,expired
sub_bd0265fc,user_00190,Premium,annual,1199000,debit_card,2025-08-28,2026-08-28,active
sub_a6d21284,user_00191,Premium,annual,1199000,bank_transfer,2025-07-21,2026-07-21,active
sub_63880e1d,user_00192,Basic,annual,499000,e_wallet,2025-05-21,2026-05-21,active
sub_08b71cdd,user_00193,Basic,annual,499000,debit_card,2026-02-16,2027-02-16,active
sub_de6f4907,user_00194,Basic,annual,499000,debit_card,2025-05-17,2026-05-17,expired
sub_1c118869,user_00195,Premium,annual,1199000,debit_card,2026-01-20,2027-01-20,active
sub_3218d135,user_00196,Premium,monthly,119000,e_wallet,2025-09-07,2025-10-07,active
sub_e78bb00c,user_00198,Premium,annual,1199000,e_wallet,2025-09-05,2026-09-05,active
sub_412e7c73,user_00199,Standard,annual,799000,debit_card,2026-01-25,2027-01-25,active
sub_cb07fff6,user_00200,Basic,monthly,49000,credit_card,2025-05-04,2025-06-03,active
sub_609ac2e1,user_00202,Premium,annual,1199000,bank_transfer,2025-05-07,2026-05-07,active
sub_2ed0d6ca,user_00203,Basic,monthly,49000,credit_card,2026-02-15,2026-03-17,active
sub_cb29563d,user_00205,Standard,annual,799000,bank_transfer,2025-04-29,2026-04-29,cancelled
sub_196f8c3e,user_00207,Premium,annual,1199000,bank_transfer,2025-06-11,2026-06-11,active
sub_829ca05e,user_00208,Basic,annual,499000,debit_card,2025-10-12,2026-10-12,active
sub_08e3b559,user_00209,Standard,monthly,79000,bank_transfer,2026-02-21,2026-03-23,active
sub_c83ab916,user_00211,Basic,monthly,49000,e_wallet,2025-04-28,2025-05-28,active
sub_fcfea484,user_00212,Basic,annual,499000,debit_card,2026-03-23,2027-03-23,expired
sub_31d4961f,user_00213,Basic,annual,499000,bank_transfer,2026-01-07,2027-01-07,active
sub_1b890877,user_00214,Standard,annual,799000,bank_transfer,2026-02-02,2027-02-02,active
sub_c235cf1c,user_00215,Basic,monthly,49000,credit_card,2025-05-20,2025-06-19,expired
sub_fe7e428c,user_00216,Basic,monthly,49000,bank_transfer,2026-02-13,2026-03-15,active
sub_eedbe713,user_00218,Basic,annual,499000,e_wallet,2025-05-12,2026-05-12,active
sub_00724014,user_00219,Premium,annual,1199000,credit_card,2025-06-08,2026-06-08,active
sub_05280bb9,user_00220,Basic,monthly,49000,credit_card,2025-08-17,2025-09-16,active
sub_e4b0c937,user_00222,Standard,annual,799000,bank_transfer,2025-10-16,2026-10-16,expired
sub_5ee86c9b,user_00223,Standard,monthly,79000,debit_card,2026-02-28,2026-03-30,active
sub_7589877d,user_00224,Premium,monthly,119000,bank_transfer,2025-09-09,2025-10-09,active
sub_aa042837,user_00225,Basic,annual,499000,credit_card,2025-07-19,2026-07-19,active
sub_592c1dad,user_00226,Premium,monthly,119000,credit_card,2025-04-10,2025-05-10,active
sub_dd2c62cd,user_00227,Premium,annual,1199000,debit_card,2025-04-18,2026-04-18,expired
sub_f93de090,user_00228,Premium,annual,1199000,e_wallet,2026-02-01,2027-02-01,cancelled
sub_7b40fb01,user_00230,Standard,annual,799000,debit_card,2025-12-19,2026-12-19,active
sub_1ab24a4f,user_00231,Standard,monthly,79000,debit_card,2025-10-26,2025-11-25,active
sub_1392eb18,user_00232,Premium,annual,1199000,e_wallet,2025-08-15,2026-08-15,active
sub_7c870f8b,user_00235,Basic,monthly,49000,bank_transfer,2025-06-28,2025-07-28,active
sub_d8dea9d3,user_00237,Premium,annual,1199000,credit_card,2025-11-02,2026-11-02,cancelled
sub_31eb645a,user_00238,Standard,annual,799000,debit_card,2025-04-26,2026-04-26,active
sub_e124a69c,user_00239,Standard,monthly,79000,debit_card,2025-09-17,2025-10-17,expired
sub_c7cfc123,user_00240,Premium,annual,1199000,credit_card,2025-06-06,2026-06-06,active
sub_c49fa69d,user_00242,Premium,monthly,119000,bank_transfer,2025-08-13,2025-09-12,expired
sub_70250b85,user_00244,Basic,monthly,49000,bank_transfer,2025-11-15,2025-12-15,active
sub_ca564bba,user_00245,Basic,monthly,49000,e_wallet,2025-09-03,2025-10-03,active
sub_12eb7bab,user_00246,Basic,monthly,49000,debit_card,2025-06-10,2025-07-10,expired
sub_2227fbb2,user_00247,Basic,monthly,49000,bank_transfer,2025-12-25,2026-01-24,expired
sub_565771d9,user_00249,Standard,monthly,79000,credit_card,2025-05-03,2025-06-02,active
sub_5fa17708,user_00251,Standard,annual,799000,credit_card,2026-02-28,2027-02-28,active
sub_a236a97f,user_00252,Basic,annual,499000,bank_transfer,2026-01-19,2027-01-19,expired
sub_8d6be60d,user_00253,Basic,monthly,49000,bank_transfer,2025-07-30,2025-08-29,cancelled
sub_b4346d18,user_00254,Standard,annual,799000,bank_transfer,2025-08-02,2026-08-02,active
sub_41d1bdc7,user_00255,Standard,annual,799000,e_wallet,2025-12-20,2026-12-20,active
sub_e175bb53,user_00257,Standard,annual,799000,bank_transfer,2026-03-25,2027-03-25,active
sub_70a96daf,user_00258,Premium,monthly,119000,bank_transfer,2025-11-03,2025-12-03,active
sub_0842f594,user_00259,Basic,monthly,49000,e_wallet,2025-12-09,2026-01-08,cancelled
sub_da21f386,user_00260,Standard,monthly,79000,bank_transfer,2025-04-26,2025-05-26,active
sub_d31c79f4,user_00262,Standard,monthly,79000,e_wallet,2025-12-15,2026-01-14,active
sub_48e960ae,user_00263,Standard,monthly,79000,debit_card,2025-09-26,2025-10-26,expired
sub_613efe23,user_00264,Standard,monthly,79000,credit_card,2025-11-07,2025-12-07,active
sub_3e6f1ae0,user_00265,Premium,annual,1199000,credit_card,2025-10-09,2026-10-09,active
sub_45f4b54d,user_00266,Basic,monthly,49000,bank_transfer,2026-03-11,2026-04-10,active
sub_a041d7e5,user_00267,Basic,monthly,49000,e_wallet,2025-07-22,2025-08-21,active
sub_219949c2,user_00269,Premium,monthly,119000,bank_transfer,2026-03-18,2026-04-17,active
sub_9380f0ad,user_00270,Standard,monthly,79000,bank_transfer,2025-11-20,2025-12-20,active
sub_2d788db6,user_00271,Premium,annual,1199000,bank_transfer,2025-08-26,2026-08-26,expired
sub_1e8277a0,user_00272,Standard,monthly,79000,e_wallet,2026-03-28,2026-04-27,active
sub_ed6d2e3a,user_00274,Standard,monthly,79000,bank_transfer,2025-10-19,2025-11-18,cancelled
sub_8dce8288,user_00275,Standard,annual,799000,debit_card,2025-07-30,2026-07-30,active
sub_303136b3,user_00277,Premium,annual,1199000,bank_transfer,2025-06-01,2026-06-01,active
sub_671bae5e,user_00278,Premium,monthly,119000,bank_transfer,2025-04-28,2025-05-28,cancelled
sub_8b37be23,user_00279,Premium,monthly,119000,credit_card,2025-06-08,2025-07-08,active
sub_06228476,user_00280,Standard,annual,799000,bank_transfer,2025-10-07,2026-10-07,active
sub_1af082ed,user_00281,Standard,annual,799000,bank_transfer,2025-12-22,2026-12-22,active
sub_e56001fb,user_00282,Basic,monthly,49000,credit_card,2025-06-03,2025-07-03,active
sub_e75d98a7,user_00283,Basic,monthly,49000,bank_transfer,2026-03-22,2026-04-21,cancelled
sub_afa59e15,user_00284,Standard,annual,799000,credit_card,2025-09-05,2026-09-05,active
sub_deb59d51,user_00285,Basic,monthly,49000,bank_transfer,2026-03-12,2026-04-11,active
sub_f8bc0b89,user_00286,Basic,annual,499000,bank_transfer,2026-03-03,2027-03-03,active
sub_74f28d89,user_00287,Premium,monthly,119000,e_wallet,2026-01-18,2026-02-17,active
sub_9f634855,user_00288,Standard,monthly,79000,bank_transfer,2025-06-13,2025-07-13,cancelled
sub_e3ca87c2,user_00289,Standard,annual,799000,debit_card,2025-04-12,2026-04-12,expired
sub_25fdcd64,user_00290,Basic,annual,499000,e_wallet,2025-10-13,2026-10-13,active
sub_1a15a944,user_00291,Premium,annual,1199000,debit_card,2025-11-15,2026-11-15,active
sub_f815bcfa,user_00294,Basic,annual,499000,e_wallet,2025-12-24,2026-12-24,expired
sub_db6f9385,user_00295,Standard,annual,799000,debit_card,2025-05-03,2026-05-03,active
sub_51f00a23,user_00297,Basic,annual,499000,debit_card,2025-05-28,2026-05-28,active
sub_94030532,user_00299,Premium,annual,1199000,debit_card,2025-10-01,2026-10-01,expired
sub_5b96f41d,user_00300,Basic,annual,499000,bank_transfer,2025-04-30,2026-04-30,active
sub_15f724b8,user_00301,Premium,annual,1199000,bank_transfer,2026-03-24,2027-03-24,active
sub_29b8af8d,user_00302,Basic,monthly,49000,bank_transfer,2025-10-12,2025-11-11,active
sub_de990bb2,user_00303,Premium,annual,1199000,e_wallet,2026-02-17,2027-02-17,active
sub_d51e2b99,user_00304,Standard,monthly,79000,debit_card,2025-10-23,2025-11-22,active
sub_436ee7d5,user_00305,Premium,monthly,119000,credit_card,2025-04-27,2025-05-27,cancelled
sub_c60c5a01,user_00306,Standard,monthly,79000,bank_transfer,2025-09-14,2025-10-14,expired
sub_4f6e45d4,user_00307,Standard,annual,799000,bank_transfer,2025-04-21,2026-04-21,cancelled
sub_1d8a8bd0,user_00309,Basic,annual,499000,bank_transfer,2025-05-04,2026-05-04,expired
sub_2a84003d,user_00310,Basic,monthly,49000,debit_card,2025-08-26,2025-09-25,active
sub_d8566cf8,user_00311,Basic,annual,499000,debit_card,2025-07-04,2026-07-04,active
sub_28e29e66,user_00313,Premium,monthly,119000,bank_transfer,2025-12-02,2026-01-01,expired
sub_b061740b,user_00314,Standard,monthly,79000,bank_transfer,2025-07-09,2025-08-08,active
sub_0528f871,user_00315,Premium,monthly,119000,bank_transfer,2025-06-11,2025-07-11,expired
sub_fad03e55,user_00316,Basic,monthly,49000,credit_card,2025-06-02,2025-07-02,expired
sub_03299e41,user_00317,Basic,annual,499000,bank_transfer,2026-01-10,2027-01-10,expired
sub_c195d033,user_00318,Premium,monthly,119000,credit_card,2025-09-22,2025-10-22,active
sub_033dd50c,user_00319,Premium,monthly,119000,credit_card,2025-08-28,2025-09-27,active
sub_dea0fd35,user_00322,Basic,annual,499000,credit_card,2026-03-22,2027-03-22,active
sub_1bd9db7c,user_00323,Standard,annual,799000,debit_card,2026-02-13,2027-02-13,active
sub_701f7678,user_00324,Standard,annual,799000,bank_transfer,2025-05-01,2026-05-01,active
sub_4ce96538,user_00325,Premium,monthly,119000,e_wallet,2025-07-20,2025-08-19,active
sub_581ff953,user_00326,Standard,monthly,79000,bank_transfer,2026-03-07,2026-04-06,cancelled
sub_dc46d3ba,user_00327,Premium,monthly,119000,credit_card,2025-05-03,2025-06-02,expired
sub_b12c25d2,user_00328,Premium,annual,1199000,e_wallet,2026-03-30,2027-03-30,expired
sub_4e3ecf98,user_00329,Basic,monthly,49000,bank_transfer,2025-07-10,2025-08-09,active
sub_3ba06328,user_00330,Basic,monthly,49000,e_wallet,2026-01-01,2026-01-31,active
sub_ae5aa3ce,user_00331,Basic,annual,499000,debit_card,2025-12-12,2026-12-12,active
sub_2f9914bd,user_00332,Basic,annual,499000,e_wallet,2025-12-24,2026-12-24,active
sub_b10199a7,user_00333,Premium,annual,1199000,debit_card,2025-04-20,2026-04-20,expired
sub_3e7efd17,user_00334,Standard,monthly,79000,credit_card,2026-01-08,2026-02-07,expired
sub_123d14b6,user_00335,Standard,monthly,79000,credit_card,2026-01-24,2026-02-23,active
sub_fdd654e7,user_00336,Basic,monthly,49000,debit_card,2025-04-17,2025-05-17,active
sub_3f689cd2,user_00337,Standard,annual,799000,credit_card,2025-12-05,2026-12-05,active
sub_ff989884,user_00338,Standard,annual,799000,bank_transfer,2025-06-14,2026-06-14,active
sub_2b75a0f4,user_00339,Premium,annual,1199000,bank_transfer,2025-05-06,2026-05-06,active
sub_9a087100,user_00340,Basic,annual,499000,debit_card,2026-03-31,2027-03-31,active
sub_d41f18d8,user_00342,Basic,monthly,49000,credit_card,2026-03-22,2026-04-21,expired
sub_e593b5b8,user_00343,Premium,annual,1199000,credit_card,2025-06-25,2026-06-25,active
sub_90df94a1,user_00345,Standard,annual,799000,bank_transfer,2025-07-10,2026-07-10,active
sub_18d27dbc,user_00347,Standard,monthly,79000,debit_card,2025-11-09,2025-12-09,active
sub_f3d7b40a,user_00348,Standard,monthly,79000,debit_card,2025-10-09,2025-11-08,expired
sub_4a259130,user_00349,Premium,annual,1199000,e_wallet,2025-12-15,2026-12-15,active
sub_7c7b1c4f,user_00353,Standard,monthly,79000,credit_card,2025-07-21,2025-08-20,expired
sub_4694073e,user_00354,Standard,monthly,79000,debit_card,2025-12-26,2026-01-25,expired
sub_297dd001,user_00355,Basic,annual,499000,credit_card,2025-12-23,2026-12-23,active
sub_0c189aa1,user_00358,Premium,annual,1199000,e_wallet,2026-03-25,2027-03-25,active
sub_621fc6f1,user_00359,Standard,annual,799000,credit_card,2025-12-15,2026-12-15,active
sub_27660b48,user_00360,Basic,annual,499000,credit_card,2026-02-08,2027-02-08,active
sub_567489f4,user_00361,Premium,annual,1199000,e_wallet,2025-10-07,2026-10-07,expired
sub_d2d748af,user_00362,Premium,annual,1199000,debit_card,2025-09-07,2026-09-07,expired
sub_92bba0cf,user_00364,Premium,monthly,119000,e_wallet,2025-12-04,2026-01-03,active
sub_79646c45,user_00365,Basic,annual,499000,debit_card,2025-08-28,2026-08-28,expired
sub_77899264,user_00366,Premium,monthly,119000,debit_card,2025-08-24,2025-09-23,expired
sub_da941537,user_00367,Premium,monthly,119000,debit_card,2025-09-13,2025-10-13,cancelled
sub_23e3572a,user_00368,Premium,monthly,119000,bank_transfer,2026-01-27,2026-02-26,active
sub_6077fb93,user_00369,Basic,annual,499000,credit_card,2026-01-30,2027-01-30,active
sub_752d4506,user_00370,Premium,annual,1199000,credit_card,2026-03-29,2027-03-29,active
sub_41af9c23,user_00371,Premium,annual,1199000,e_wallet,2026-02-24,2027-02-24,expired
sub_b8a3f616,user_00372,Basic,monthly,49000,credit_card,2026-01-01,2026-01-31,active
sub_807ded3a,user_00373,Standard,annual,799000,credit_card,2025-06-16,2026-06-16,expired
sub_75d4043a,user_00374,Standard,annual,799000,e_wallet,2025-09-04,2026-09-04,active
sub_e5c234e3,user_00375,Premium,annual,1199000,bank_transfer,2025-11-17,2026-11-17,cancelled
sub_16dde5ea,user_00377,Basic,annual,499000,credit_card,2025-08-23,2026-08-23,active
sub_c3a2552a,user_00378,Premium,monthly,119000,debit_card,2026-01-14,2026-02-13,cancelled
sub_80e88797,user_00379,Standard,monthly,79000,e_wallet,2025-11-05,2025-12-05,active
sub_118eb5aa,user_00380,Standard,monthly,79000,credit_card,2025-12-19,2026-01-18,active
sub_70284882,user_00382,Standard,monthly,79000,debit_card,2026-01-31,2026-03-02,active
sub_4186fd36,user_00385,Basic,monthly,49000,debit_card,2026-03-18,2026-04-17,cancelled
sub_606a0783,user_00386,Basic,monthly,49000,e_wallet,2026-01-12,2026-02-11,active
sub_e956f1db,user_00387,Premium,annual,1199000,credit_card,2025-12-30,2026-12-30,active
sub_6f71e9ee,user_00390,Premium,monthly,119000,debit_card,2025-04-22,2025-05-22,active
sub_e551d291,user_00391,Basic,annual,499000,bank_transfer,2025-05-13,2026-05-13,active
sub_a2afff03,user_00392,Standard,monthly,79000,credit_card,2025-08-18,2025-09-17,active
sub_0f1d736b,user_00393,Premium,monthly,119000,credit_card,2025-04-16,2025-05-16,active
sub_2697ca16,user_00394,Basic,annual,499000,bank_transfer,2025-06-06,2026-06-06,active
sub_b9baf24e,user_00396,Premium,annual,1199000,credit_card,2025-08-27,2026-08-27,expired
sub_c4072f0c,user_00398,Standard,monthly,79000,credit_card,2025-11-21,2025-12-21,active
sub_7e126baf,user_00400,Basic,annual,499000,e_wallet,2025-11-03,2026-11-03,active
sub_ebead37f,user_00402,Basic,monthly,49000,credit_card,2025-10-09,2025-11-08,active
sub_9cf59a49,user_00403,Basic,annual,499000,bank_transfer,2026-01-29,2027-01-29,cancelled
sub_8532d4d1,user_00404,Standard,annual,799000,debit_card,2026-03-30,2027-03-30,active
sub_a525ebef,user_00406,Basic,annual,499000,bank_transfer,2025-12-10,2026-12-10,cancelled
sub_baa1ffcf,user_00407,Basic,monthly,49000,e_wallet,2026-01-26,2026-02-25,active
sub_4dc56433,user_00411,Standard,monthly,79000,bank_transfer,2025-09-21,2025-10-21,active
sub_b3c3cc48,user_00412,Premium,annual,1199000,credit_card,2025-12-09,2026-12-09,cancelled
sub_ffd89818,user_00414,Basic,monthly,49000,e_wallet,2026-01-22,2026-02-21,cancelled
sub_5f0afd1d,user_00416,Premium,monthly,119000,bank_transfer,2025-10-03,2025-11-02,expired
sub_1047f33a,user_00420,Standard,annual,799000,credit_card,2025-10-30,2026-10-30,active
sub_1ba3a5a3,user_00422,Premium,annual,1199000,credit_card,2026-02-13,2027-02-13,active
sub_95f0b224,user_00424,Standard,annual,799000,e_wallet,2026-01-14,2027-01-14,cancelled
sub_b378ce7a,user_00425,Standard,annual,799000,debit_card,2025-04-08,2026-04-08,expired
sub_7fd075f3,user_00427,Basic,annual,499000,credit_card,2025-07-17,2026-07-17,cancelled
sub_5ef37e52,user_00428,Basic,annual,499000,debit_card,2025-07-06,2026-07-06,cancelled
sub_667d4716,user_00430,Premium,monthly,119000,e_wallet,2025-09-08,2025-10-08,expired
sub_dcda0eae,user_00431,Premium,monthly,119000,debit_card,2025-05-04,2025-06-03,active
sub_7c814fbc,user_00432,Standard,annual,799000,debit_card,2026-03-02,2027-03-02,active
sub_1b013664,user_00434,Premium,monthly,119000,credit_card,2025-11-11,2025-12-11,active
sub_4136da4f,user_00436,Standard,annual,799000,e_wallet,2025-06-27,2026-06-27,cancelled
sub_579d113b,user_00437,Standard,annual,799000,credit_card,2025-09-30,2026-09-30,active
sub_93cbb55d,user_00438,Premium,annual,1199000,e_wallet,2025-07-04,2026-07-04,cancelled
sub_55f980cb,user_00439,Standard,monthly,79000,debit_card,2026-01-27,2026-02-26,cancelled
sub_6b1ef10a,user_00441,Premium,annual,1199000,credit_card,2025-12-05,2026-12-05,active
sub_5cc1ae63,user_00442,Standard,monthly,79000,e_wallet,2026-01-12,2026-02-11,expired
sub_fcda16ad,user_00443,Standard,annual,799000,e_wallet,2026-04-02,2027-04-02,active
sub_22854ca7,user_00446,Basic,monthly,49000,bank_transfer,2025-06-16,2025-07-16,active
sub_01647286,user_00449,Basic,monthly,49000,bank_transfer,2025-06-28,2025-07-28,active
sub_c45a1c8e,user_00453,Premium,annual,1199000,bank_transfer,2025-12-23,2026-12-23,expired
sub_13c939b6,user_00455,Basic,annual,499000,debit_card,2026-01-23,2027-01-23,active
sub_58a02df3,user_00456,Premium,annual,1199000,bank_transfer,2026-01-02,2027-01-02,cancelled
sub_2304da8a,user_00458,Premium,annual,1199000,e_wallet,2025-09-08,2026-09-08,active
sub_35fd8cb9,user_00459,Premium,annual,1199000,bank_transfer,2026-01-31,2027-01-31,expired
sub_7b8a0610,user_00461,Basic,monthly,49000,e_wallet,2025-05-04,2025-06-03,active
sub_90794db8,user_00462,Standard,monthly,79000,bank_transfer,2026-01-29,2026-02-28,active
sub_31282e37,user_00465,Premium,annual,1199000,bank_transfer,2025-06-06,2026-06-06,expired
sub_00ca3b1a,user_00466,Basic,annual,499000,credit_card,2025-10-08,2026-10-08,active
sub_aba934c0,user_00467,Premium,annual,1199000,e_wallet,2025-09-25,2026-09-25,active
sub_d2f2ef0c,user_00468,Premium,monthly,119000,e_wallet,2025-12-12,2026-01-11,active
sub_2e33efa4,user_00469,Standard,annual,799000,e_wallet,2025-11-09,2026-11-09,active
sub_2870dfa4,user_00470,Standard,monthly,79000,bank_transfer,2025-04-15,2025-05-15,active
sub_ae99afb9,user_00471,Premium,monthly,119000,credit_card,2025-04-21,2025-05-21,active
sub_6dc99718,user_00472,Basic,monthly,49000,debit_card,2025-05-16,2025-06-15,active
sub_9bc49115,user_00473,Premium,monthly,119000,credit_card,2025-08-20,2025-09-19,expired
sub_5440a57b,user_00474,Standard,monthly,79000,credit_card,2025-08-30,2025-09-29,cancelled
sub_163ad8ee,user_00475,Basic,monthly,49000,debit_card,2025-12-28,2026-01-27,active
sub_18cd813c,user_00476,Premium,annual,1199000,bank_transfer,2025-06-22,2026-06-22,active
sub_026de2fa,user_00477,Premium,monthly,119000,credit_card,2025-07-03,2025-08-02,active
sub_6d9e664c,user_00478,Basic,monthly,49000,e_wallet,2025-07-12,2025-08-11,active
sub_9aad011e,user_00479,Basic,annual,499000,bank_transfer,2025-04-20,2026-04-20,cancelled
sub_5aa16511,user_00481,Standard,annual,799000,e_wallet,2026-02-28,2027-02-28,expired
sub_42956fb2,user_00482,Basic,monthly,49000,e_wallet,2026-01-07,2026-02-06,cancelled
sub_1d23a6d0,user_00483,Premium,annual,1199000,credit_card,2025-09-01,2026-09-01,expired
sub_510a1752,user_00484,Standard,monthly,79000,debit_card,2025-06-26,2025-07-26,active
sub_ebe2d6dd,user_00485,Basic,monthly,49000,bank_transfer,2025-04-07,2025-05-07,active
sub_ac6965b5,user_00486,Standard,annual,799000,debit_card,2025-04-19,2026-04-19,active
sub_0dc21c0b,user_00487,Standard,annual,799000,bank_transfer,2025-08-22,2026-08-22,active
sub_2ceabdba,user_00488,Basic,monthly,49000,debit_card,2025-05-04,2025-06-03,active
sub_4061595c,user_00489,Premium,annual,1199000,e_wallet,2025-08-29,2026-08-29,expired
sub_ea6d6ef2,user_00491,Premium,annual,1199000,e_wallet,2025-06-11,2026-06-11,active
sub_1bc199a7,user_00492,Premium,annual,1199000,debit_card,2025-08-19,2026-08-19,active
sub_f863481f,user_00493,Standard,annual,799000,e_wallet,2025-06-09,2026-06-09,expired
sub_a92a901c,user_00494,Standard,monthly,79000,credit_card,2025-07-13,2025-08-12,active
sub_59cf5611,user_00497,Standard,annual,799000,debit_card,2025-11-13,2026-11-13,expired
sub_5f9b78c2,user_00498,Premium,monthly,119000,bank_transfer,2026-03-28,2026-04-27,cancelled
sub_bec6b47e,user_00499,Standard,monthly,79000,debit_card,2025-08-05,2025-09-04,active
sub_476e2c72,user_00502,Basic,annual,499000,e_wallet,2025-08-22,2026-08-22,active
sub_525d8483,user_00503,Premium,annual,1199000,bank_transfer,2025-12-19,2026-12-19,active
sub_2adc33c8,user_00505,Standard,annual,799000,credit_card,2025-12-08,2026-12-08,active
sub_ee2dcc96,user_00506,Premium,annual,1199000,debit_card,2025-09-14,2026-09-14,active
sub_2ba4284f,user_00507,Premium,annual,1199000,bank_transfer,2026-01-28,2027-01-28,active
sub_cc82a9b2,user_00509,Premium,monthly,119000,debit_card,2025-04-07,2025-05-07,active
sub_49497700,user_00510,Premium,annual,1199000,e_wallet,2025-04-08,2026-04-08,active
sub_bce818d8,user_00511,Premium,monthly,119000,e_wallet,2026-02-20,2026-03-22,active
sub_e18abe4e,user_00512,Standard,monthly,79000,e_wallet,2025-10-13,2025-11-12,active
sub_22e98acc,user_00513,Premium,monthly,119000,debit_card,2025-12-05,2026-01-04,expired
sub_a7636510,user_00514,Premium,monthly,119000,e_wallet,2025-05-03,2025-06-02,expired
sub_3d6ec5c0,user_00515,Basic,annual,499000,debit_card,2026-02-24,2027-02-24,expired
sub_27a7ae6a,user_00516,Basic,monthly,49000,e_wallet,2025-11-27,2025-12-27,cancelled
sub_3a9b9590,user_00518,Premium,annual,1199000,credit_card,2025-11-29,2026-11-29,active
sub_f98db440,user_00519,Premium,monthly,119000,debit_card,2025-10-12,2025-11-11,active
sub_62699511,user_00520,Basic,annual,499000,debit_card,2026-03-19,2027-03-19,active
sub_b693bf86,user_00522,Standard,monthly,79000,debit_card,2025-11-29,2025-12-29,expired
sub_4422b27d,user_00523,Basic,monthly,49000,e_wallet,2025-06-07,2025-07-07,active
sub_8c0edcf9,user_00524,Premium,monthly,119000,debit_card,2025-11-13,2025-12-13,active
sub_a37c69fe,user_00525,Standard,monthly,79000,debit_card,2025-10-08,2025-11-07,expired
sub_9cd7f1d3,user_00526,Standard,monthly,79000,bank_transfer,2026-03-06,2026-04-05,active
sub_08a2b553,user_00528,Basic,annual,499000,bank_transfer,2025-05-10,2026-05-10,expired
sub_1154dd05,user_00529,Basic,monthly,49000,e_wallet,2025-06-03,2025-07-03,expired
sub_af1bcf93,user_00530,Premium,annual,1199000,e_wallet,2026-01-23,2027-01-23,active
sub_6f4c08ad,user_00531,Basic,monthly,49000,bank_transfer,2025-05-12,2025-06-11,active
sub_8feab38a,user_00532,Standard,monthly,79000,e_wallet,2026-01-08,2026-02-07,active
sub_fdbe93fb,user_00533,Premium,annual,1199000,credit_card,2025-08-14,2026-08-14,cancelled
sub_569af31b,user_00535,Standard,annual,799000,debit_card,2025-04-18,2026-04-18,expired
sub_e711b11e,user_00537,Standard,monthly,79000,bank_transfer,2026-03-07,2026-04-06,active
sub_a07f4b1f,user_00538,Premium,monthly,119000,e_wallet,2025-10-28,2025-11-27,cancelled
sub_ac009d6d,user_00539,Premium,annual,1199000,credit_card,2025-05-23,2026-05-23,active
sub_ad32cada,user_00540,Premium,monthly,119000,bank_transfer,2026-02-04,2026-03-06,active
sub_85be9e41,user_00542,Premium,monthly,119000,e_wallet,2026-03-29,2026-04-28,active
sub_19e0f476,user_00543,Basic,monthly,49000,e_wallet,2025-12-27,2026-01-26,cancelled
sub_9a929827,user_00544,Basic,annual,499000,debit_card,2026-02-06,2027-02-06,active
sub_bef86bf5,user_00545,Standard,annual,799000,credit_card,2025-08-08,2026-08-08,cancelled
sub_69cd4f2d,user_00546,Basic,annual,499000,debit_card,2025-10-12,2026-10-12,cancelled
sub_17b53c84,user_00547,Premium,annual,1199000,credit_card,2025-09-30,2026-09-30,active
sub_a1381616,user_00548,Basic,annual,499000,bank_transfer,2025-11-18,2026-11-18,cancelled
sub_1a94bc1f,user_00551,Basic,annual,499000,e_wallet,2025-05-10,2026-05-10,active
sub_a9378aa0,user_00552,Standard,annual,799000,bank_transfer,2025-06-16,2026-06-16,active
sub_aa480aa4,user_00554,Basic,annual,499000,debit_card,2025-07-15,2026-07-15,active
sub_c74a8cb6,user_00555,Premium,annual,1199000,bank_transfer,2025-10-30,2026-10-30,active
sub_b2058f65,user_00556,Premium,monthly,119000,bank_transfer,2026-02-26,2026-03-28,expired
sub_b6db409d,user_00557,Basic,monthly,49000,debit_card,2025-04-09,2025-05-09,active
sub_fff9728c,user_00558,Basic,annual,499000,e_wallet,2025-12-30,2026-12-30,cancelled
sub_8ccb2bf9,user_00560,Standard,monthly,79000,debit_card,2026-02-05,2026-03-07,active
sub_e34e8029,user_00561,Standard,monthly,79000,bank_transfer,2026-03-11,2026-04-10,active
sub_0d3711b6,user_00562,Premium,annual,1199000,e_wallet,2025-10-30,2026-10-30,active
sub_62f27e01,user_00564,Premium,monthly,119000,credit_card,2025-11-15,2025-12-15,expired
sub_5b4c45ef,user_00565,Premium,annual,1199000,credit_card,2026-03-28,2027-03-28,active
sub_36a62564,user_00570,Basic,monthly,49000,debit_card,2025-08-06,2025-09-05,active
sub_07aeba00,user_00571,Premium,monthly,119000,bank_transfer,2026-03-01,2026-03-31,cancelled
sub_b531dfb8,user_00573,Standard,annual,799000,credit_card,2026-01-14,2027-01-14,active
sub_1ce37e25,user_00574,Standard,annual,799000,bank_transfer,2026-03-11,2027-03-11,expired
sub_8c42ec5f,user_00575,Premium,annual,1199000,e_wallet,2026-04-03,2027-04-03,active
sub_e32d6c16,user_00576,Standard,monthly,79000,e_wallet,2025-08-03,2025-09-02,active
sub_92425f0f,user_00577,Basic,monthly,49000,e_wallet,2026-03-31,2026-04-30,active
sub_beac9b25,user_00578,Basic,monthly,49000,bank_transfer,2026-03-26,2026-04-25,active
sub_7e6179c9,user_00579,Standard,annual,799000,debit_card,2025-06-25,2026-06-25,active
sub_6c5094b8,user_00580,Premium,annual,1199000,bank_transfer,2025-11-14,2026-11-14,active
sub_dc6955e8,user_00582,Basic,annual,499000,credit_card,2025-08-23,2026-08-23,active
sub_772e4d63,user_00583,Premium,annual,1199000,e_wallet,2026-02-27,2027-02-27,active
sub_573eba7d,user_00584,Standard,monthly,79000,e_wallet,2025-07-04,2025-08-03,active
sub_64f06c3c,user_00585,Standard,monthly,79000,e_wallet,2025-10-13,2025-11-12,active
sub_9f966dc3,user_00586,Standard,monthly,79000,bank_transfer,2025-12-22,2026-01-21,active
sub_13db79f3,user_00587,Standard,monthly,79000,bank_transfer,2026-02-14,2026-03-16,active
sub_3565e7b7,user_00588,Standard,monthly,79000,e_wallet,2025-12-21,2026-01-20,active
sub_5b3bb0a3,user_00589,Premium,monthly,119000,credit_card,2026-04-01,2026-05-01,active
sub_eb8c14bb,user_00590,Standard,monthly,79000,credit_card,2025-10-27,2025-11-26,cancelled
sub_3e9ad1e4,user_00591,Premium,annual,1199000,credit_card,2025-08-13,2026-08-13,expired
sub_007a5805,user_00592,Standard,monthly,79000,e_wallet,2026-04-04,2026-05-04,expired
sub_c1e6b63f,user_00594,Standard,annual,799000,bank_transfer,2026-02-08,2027-02-08,cancelled
sub_88b6d8db,user_00595,Premium,annual,1199000,credit_card,2025-08-03,2026-08-03,cancelled
sub_73cf5ad4,user_00597,Standard,monthly,79000,debit_card,2025-06-26,2025-07-26,active
sub_d7f98d54,user_00599,Standard,monthly,79000,credit_card,2025-06-03,2025-07-03,active
sub_25b4f948,user_00601,Standard,monthly,79000,credit_card,2026-02-06,2026-03-08,active
sub_e8bb9b48,user_00602,Basic,monthly,49000,credit_card,2025-04-20,2025-05-20,active
sub_120d76c2,user_00603,Standard,annual,799000,credit_card,2025-06-17,2026-06-17,cancelled
sub_098405e2,user_00604,Standard,annual,799000,bank_transfer,2025-05-23,2026-05-23,active
sub_02d8544f,user_00605,Standard,monthly,79000,bank_transfer,2025-11-26,2025-12-26,cancelled
sub_5dc5097a,user_00607,Basic,monthly,49000,bank_transfer,2025-05-17,2025-06-16,active
sub_25170d1a,user_00608,Basic,annual,499000,credit_card,2025-12-14,2026-12-14,cancelled
sub_01f560af,user_00609,Basic,monthly,49000,debit_card,2025-04-22,2025-05-22,expired
sub_e3342287,user_00610,Basic,monthly,49000,debit_card,2025-12-05,2026-01-04,active
sub_cc1c3e6e,user_00611,Premium,annual,1199000,e_wallet,2025-10-22,2026-10-22,expired
sub_79a7d92c,user_00613,Standard,monthly,79000,bank_transfer,2025-04-17,2025-05-17,active
sub_33d11402,user_00614,Premium,monthly,119000,e_wallet,2026-03-23,2026-04-22,expired
sub_2cb0e17d,user_00615,Basic,annual,499000,debit_card,2026-03-14,2027-03-14,active
sub_ea4181d6,user_00616,Standard,annual,799000,e_wallet,2025-08-24,2026-08-24,active
sub_50308a1e,user_00618,Standard,annual,799000,bank_transfer,2025-07-01,2026-07-01,cancelled
sub_11bce1d5,user_00619,Basic,annual,499000,credit_card,2025-12-30,2026-12-30,cancelled
sub_8c177a55,user_00620,Premium,annual,1199000,debit_card,2025-06-02,2026-06-02,active
sub_5a897d34,user_00621,Basic,monthly,49000,credit_card,2025-09-18,2025-10-18,expired
sub_c6023243,user_00623,Standard,monthly,79000,debit_card,2025-05-25,2025-06-24,active
sub_ed0c9c1e,user_00624,Premium,annual,1199000,e_wallet,2025-08-25,2026-08-25,active
sub_1ee00f71,user_00625,Standard,monthly,79000,bank_transfer,2025-08-11,2025-09-10,cancelled
sub_c47dd490,user_00626,Standard,monthly,79000,bank_transfer,2026-03-04,2026-04-03,active
sub_e6fa730f,user_00627,Basic,annual,499000,e_wallet,2026-04-02,2027-04-02,active
sub_a1399af5,user_00629,Standard,monthly,79000,e_wallet,2025-05-10,2025-06-09,active
sub_04911619,user_00630,Premium,monthly,119000,credit_card,2026-02-20,2026-03-22,active
sub_4ce92450,user_00632,Basic,monthly,49000,credit_card,2025-10-08,2025-11-07,cancelled
sub_e7d782d1,user_00633,Standard,monthly,79000,credit_card,2025-10-04,2025-11-03,expired
sub_781a6907,user_00634,Basic,monthly,49000,e_wallet,2025-04-28,2025-05-28,active
sub_84e71457,user_00636,Basic,annual,499000,e_wallet,2026-01-02,2027-01-02,active
sub_0fbd7d14,user_00637,Standard,annual,799000,credit_card,2025-11-16,2026-11-16,cancelled
sub_91f5e4f8,user_00638,Premium,monthly,119000,bank_transfer,2025-07-14,2025-08-13,active
sub_52a1af9a,user_00639,Basic,annual,499000,bank_transfer,2026-03-23,2027-03-23,active
sub_6af84be1,user_00640,Basic,monthly,49000,debit_card,2025-10-05,2025-11-04,active
sub_7ef45958,user_00641,Standard,monthly,79000,bank_transfer,2025-06-05,2025-07-05,active
sub_84662f91,user_00642,Basic,monthly,49000,e_wallet,2026-01-20,2026-02-19,active
sub_d00bcb18,user_00643,Basic,annual,499000,debit_card,2025-04-20,2026-04-20,active
sub_80a36251,user_00644,Standard,annual,799000,debit_card,2025-10-21,2026-10-21,active
sub_7ea10700,user_00646,Basic,monthly,49000,e_wallet,2025-04-23,2025-05-23,expired
sub_ce901ead,user_00647,Standard,monthly,79000,credit_card,2025-05-27,2025-06-26,cancelled
sub_7e95dc20,user_00648,Basic,annual,499000,credit_card,2025-04-10,2026-04-10,expired
sub_c32522d9,user_00650,Premium,annual,1199000,debit_card,2026-01-01,2027-01-01,active
sub_a8383dde,user_00651,Premium,annual,1199000,e_wallet,2025-07-26,2026-07-26,expired
sub_870becca,user_00652,Premium,monthly,119000,e_wallet,2025-05-09,2025-06-08,active
sub_c572debb,user_00653,Standard,annual,799000,credit_card,2026-01-16,2027-01-16,cancelled
sub_cd85513f,user_00654,Basic,annual,499000,e_wallet,2026-01-24,2027-01-24,active
sub_b7462df0,user_00656,Basic,monthly,49000,debit_card,2026-02-13,2026-03-15,cancelled
sub_b641594a,user_00657,Standard,annual,799000,debit_card,2025-07-05,2026-07-05,active
sub_b4143c77,user_00658,Premium,annual,1199000,debit_card,2026-02-15,2027-02-15,expired
sub_102cea06,user_00659,Standard,monthly,79000,bank_transfer,2025-12-13,2026-01-12,active
sub_2066b537,user_00660,Premium,monthly,119000,credit_card,2025-12-24,2026-01-23,active
sub_d15b11ed,user_00662,Premium,annual,1199000,bank_transfer,2026-03-26,2027-03-26,active
sub_b52c9e2e,user_00665,Basic,annual,499000,e_wallet,2026-02-22,2027-02-22,expired
sub_b2e0cc41,user_00666,Basic,monthly,49000,debit_card,2025-11-15,2025-12-15,expired
sub_07570f68,user_00668,Basic,monthly,49000,debit_card,2025-10-15,2025-11-14,active
sub_ff8301c7,user_00669,Standard,annual,799000,e_wallet,2025-08-22,2026-08-22,active
sub_3dd51cc9,user_00670,Premium,monthly,119000,bank_transfer,2025-11-21,2025-12-21,active
sub_effb6b3a,user_00672,Standard,annual,799000,credit_card,2025-07-02,2026-07-02,active
sub_e0002132,user_00673,Premium,monthly,119000,debit_card,2025-05-02,2025-06-01,active
sub_cbb1f8fe,user_00675,Premium,annual,1199000,credit_card,2025-11-21,2026-11-21,expired
sub_89dca0f8,user_00676,Standard,monthly,79000,e_wallet,2025-12-16,2026-01-15,expired
sub_0596cd58,user_00677,Standard,annual,799000,e_wallet,2025-09-10,2026-09-10,active
sub_6b335770,user_00678,Basic,monthly,49000,bank_transfer,2026-01-14,2026-02-13,cancelled
sub_f0e80646,user_00679,Basic,annual,499000,credit_card,2025-12-01,2026-12-01,active
sub_efc0dd95,user_00681,Standard,annual,799000,debit_card,2025-08-07,2026-08-07,active
sub_ea3d1225,user_00682,Standard,monthly,79000,credit_card,2026-02-16,2026-03-18,active
sub_52c54678,user_00684,Premium,monthly,119000,bank_transfer,2025-08-02,2025-09-01,cancelled
sub_eba20d7f,user_00686,Standard,annual,799000,e_wallet,2025-07-03,2026-07-03,expired
sub_7c8b4fca,user_00687,Basic,monthly,49000,credit_card,2025-07-08,2025-08-07,active
sub_5a105ce0,user_00688,Basic,annual,499000,credit_card,2025-10-06,2026-10-06,active
sub_7bf77497,user_00689,Basic,monthly,49000,e_wallet,2025-11-09,2025-12-09,active
sub_bfa84119,user_00691,Standard,monthly,79000,credit_card,2026-01-11,2026-02-10,active
sub_b8f0dc92,user_00693,Standard,annual,799000,bank_transfer,2025-07-19,2026-07-19,active
sub_224dde94,user_00695,Standard,annual,799000,debit_card,2026-02-09,2027-02-09,cancelled
sub_478c3e1f,user_00696,Standard,monthly,79000,debit_card,2026-01-16,2026-02-15,cancelled
sub_191fed4b,user_00697,Premium,monthly,119000,debit_card,2025-08-18,2025-09-17,expired
sub_215916f3,user_00698,Standard,monthly,79000,e_wallet,2025-11-03,2025-12-03,active
sub_bb6f0b9c,user_00699,Premium,annual,1199000,debit_card,2025-12-25,2026-12-25,expired
sub_6d5db704,user_00700,Basic,annual,499000,credit_card,2026-02-16,2027-02-16,active
sub_88b4ecd8,user_00701,Basic,annual,499000,e_wallet,2025-05-01,2026-05-01,active
sub_e33c004c,user_00702,Premium,annual,1199000,credit_card,2025-05-22,2026-05-22,cancelled
sub_effe39bc,user_00703,Premium,monthly,119000,debit_card,2025-07-25,2025-08-24,active
sub_a974dde2,user_00704,Basic,annual,499000,e_wallet,2025-07-22,2026-07-22,cancelled
sub_f5ded591,user_00705,Standard,monthly,79000,credit_card,2026-01-30,2026-03-01,expired
sub_b490be96,user_00706,Premium,monthly,119000,e_wallet,2025-09-13,2025-10-13,active
sub_4c9d095f,user_00707,Basic,monthly,49000,debit_card,2026-01-08,2026-02-07,cancelled
sub_258ee800,user_00708,Standard,monthly,79000,credit_card,2025-09-18,2025-10-18,cancelled
sub_035ac5fa,user_00710,Standard,monthly,79000,e_wallet,2026-01-09,2026-02-08,expired
sub_ada78862,user_00711,Premium,monthly,119000,credit_card,2025-06-03,2025-07-03,expired
sub_b69b8fdc,user_00712,Standard,annual,799000,bank_transfer,2025-06-02,2026-06-02,cancelled
sub_1b176dfb,user_00713,Standard,annual,799000,e_wallet,2026-03-27,2027-03-27,expired
sub_f27fe4dd,user_00714,Premium,annual,1199000,bank_transfer,2025-05-14,2026-05-14,expired
sub_1b1367f1,user_00716,Standard,monthly,79000,bank_transfer,2026-01-03,2026-02-02,active
sub_556867a5,user_00718,Premium,monthly,119000,credit_card,2025-08-18,2025-09-17,expired
sub_ad29840a,user_00719,Standard,annual,799000,credit_card,2025-08-11,2026-08-11,expired
sub_c596a6f5,user_00720,Premium,monthly,119000,debit_card,2025-12-26,2026-01-25,expired
sub_41d8bd92,user_00722,Premium,monthly,119000,bank_transfer,2026-03-29,2026-04-28,expired
sub_c73d0479,user_00726,Basic,annual,499000,bank_transfer,2026-03-28,2027-03-28,active
sub_ea8b6d10,user_00727,Standard,monthly,79000,bank_transfer,2025-08-28,2025-09-27,active
sub_186fc271,user_00728,Basic,annual,499000,bank_transfer,2025-05-26,2026-05-26,active
sub_303b9b5e,user_00729,Standard,annual,799000,debit_card,2025-08-08,2026-08-08,active
sub_0aeee7a3,user_00730,Basic,monthly,49000,credit_card,2026-02-17,2026-03-19,active
sub_1312846f,user_00731,Premium,annual,1199000,debit_card,2026-01-25,2027-01-25,cancelled
sub_3bbb1b16,user_00732,Basic,monthly,49000,bank_transfer,2026-04-02,2026-05-02,active
sub_bb337cd9,user_00733,Standard,monthly,79000,e_wallet,2025-04-21,2025-05-21,active
sub_8ed3b761,user_00734,Standard,annual,799000,credit_card,2025-09-16,2026-09-16,active
sub_34690ded,user_00735,Premium,annual,1199000,credit_card,2025-12-17,2026-12-17,active
sub_491f3fa3,user_00737,Basic,monthly,49000,e_wallet,2026-03-22,2026-04-21,expired
sub_c8233153,user_00738,Standard,annual,799000,bank_transfer,2025-07-14,2026-07-14,active
sub_a74628df,user_00742,Premium,monthly,119000,e_wallet,2026-03-15,2026-04-14,expired
sub_dd63e010,user_00743,Premium,monthly,119000,bank_transfer,2025-05-16,2025-06-15,active
sub_0be02804,user_00745,Premium,monthly,119000,credit_card,2025-06-22,2025-07-22,active
sub_c189faab,user_00746,Premium,annual,1199000,e_wallet,2025-11-15,2026-11-15,active
sub_337d412c,user_00747,Standard,annual,799000,credit_card,2025-09-08,2026-09-08,active
sub_f494b3f2,user_00749,Basic,annual,499000,debit_card,2025-07-27,2026-07-27,active
sub_16528d4a,user_00751,Standard,annual,799000,credit_card,2025-08-20,2026-08-20,active
sub_27d21709,user_00752,Standard,monthly,79000,debit_card,2025-12-30,2026-01-29,active
sub_a6278ffa,user_00753,Standard,monthly,79000,credit_card,2026-01-21,2026-02-20,active
sub_9072a025,user_00754,Standard,annual,799000,debit_card,2026-01-24,2027-01-24,active
sub_6b6cdd36,user_00756,Basic,monthly,49000,e_wallet,2025-10-16,2025-11-15,expired
sub_fdefba45,user_00759,Premium,monthly,119000,debit_card,2025-11-29,2025-12-29,active
sub_5b8d8437,user_00760,Basic,annual,499000,bank_transfer,2025-10-25,2026-10-25,cancelled
sub_1aec1f9b,user_00762,Premium,monthly,119000,debit_card,2025-09-25,2025-10-25,active
sub_9c90a9f9,user_00763,Basic,monthly,49000,debit_card,2025-06-29,2025-07-29,active
sub_3382b4b4,user_00766,Standard,monthly,79000,bank_transfer,2026-01-08,2026-02-07,active
sub_6c2dee62,user_00767,Basic,annual,499000,credit_card,2025-04-27,2026-04-27,active
sub_c0dadd21,user_00768,Premium,annual,1199000,credit_card,2025-12-03,2026-12-03,active
sub_efbdb9fc,user_00770,Premium,annual,1199000,debit_card,2025-05-30,2026-05-30,active
sub_344506c6,user_00773,Basic,annual,499000,e_wallet,2025-05-12,2026-05-12,active
sub_de4c6ef8,user_00774,Standard,annual,799000,credit_card,2025-08-06,2026-08-06,active
sub_dcd3bb8e,user_00775,Standard,annual,799000,e_wallet,2025-09-25,2026-09-25,active
sub_2e714410,user_00776,Premium,annual,1199000,e_wallet,2025-10-19,2026-10-19,active
sub_a453cd33,user_00777,Standard,annual,799000,debit_card,2026-02-09,2027-02-09,active
sub_25fe68cf,user_00778,Basic,monthly,49000,e_wallet,2025-08-01,2025-08-31,active
sub_76fd480b,user_00779,Basic,annual,499000,credit_card,2025-05-02,2026-05-02,active
sub_cd4900d6,user_00780,Standard,monthly,79000,e_wallet,2025-10-23,2025-11-22,active
sub_a688f5bb,user_00781,Basic,monthly,49000,bank_transfer,2025-10-24,2025-11-23,active
sub_f54f1a79,user_00783,Basic,annual,499000,debit_card,2025-05-30,2026-05-30,active
sub_e8863b71,user_00784,Basic,monthly,49000,bank_transfer,2025-08-31,2025-09-30,active
sub_20db124b,user_00785,Basic,monthly,49000,bank_transfer,2026-03-08,2026-04-07,expired
sub_f73a45f6,user_00786,Premium,annual,1199000,e_wallet,2025-05-28,2026-05-28,expired
sub_e2c2502e,user_00787,Standard,monthly,79000,credit_card,2025-09-06,2025-10-06,active
sub_d5f38d69,user_00788,Basic,monthly,49000,debit_card,2026-03-21,2026-04-20,cancelled
sub_79bff19c,user_00789,Basic,monthly,49000,e_wallet,2025-09-29,2025-10-29,active
sub_c69b91b4,user_00790,Premium,annual,1199000,bank_transfer,2025-10-26,2026-10-26,active
sub_e1bb190a,user_00792,Premium,annual,1199000,debit_card,2025-09-30,2026-09-30,active
sub_1fdbe787,user_00793,Premium,monthly,119000,e_wallet,2025-11-14,2025-12-14,active
sub_7aa62661,user_00794,Standard,annual,799000,credit_card,2025-08-19,2026-08-19,active
sub_2ced92f4,user_00796,Premium,annual,1199000,e_wallet,2025-08-16,2026-08-16,active
sub_f352f78e,user_00799,Basic,monthly,49000,e_wallet,2025-09-28,2025-10-28,active
sub_b2073268,user_00800,Basic,annual,499000,bank_transfer,2025-10-03,2026-10-03,cancelled
sub_7f24b511,user_00801,Standard,monthly,79000,e_wallet,2026-01-28,2026-02-27,active
sub_9afe1464,user_00802,Standard,monthly,79000,bank_transfer,2025-11-06,2025-12-06,active
sub_b8d0b37f,user_00803,Premium,monthly,119000,debit_card,2026-04-06,2026-05-06,expired
sub_71216877,user_00805,Basic,annual,499000,debit_card,2025-09-07,2026-09-07,active
sub_f96751fa,user_00806,Standard,monthly,79000,e_wallet,2025-10-24,2025-11-23,active
sub_a1de98bf,user_00807,Standard,monthly,79000,debit_card,2025-12-02,2026-01-01,active
sub_f0ff4fe5,user_00808,Standard,monthly,79000,e_wallet,2026-01-28,2026-02-27,active
sub_1ba80fbc,user_00812,Standard,monthly,79000,e_wallet,2026-02-14,2026-03-16,active
sub_069ae786,user_00813,Premium,monthly,119000,e_wallet,2025-12-15,2026-01-14,active
sub_6d016518,user_00814,Basic,monthly,49000,credit_card,2025-08-02,2025-09-01,active
sub_573acd22,user_00816,Standard,annual,799000,bank_transfer,2025-08-29,2026-08-29,active
sub_d98199c4,user_00817,Standard,monthly,79000,debit_card,2025-10-19,2025-11-18,active
sub_95c066c4,user_00819,Basic,annual,499000,credit_card,2025-05-07,2026-05-07,active
sub_761d9fc4,user_00820,Basic,monthly,49000,credit_card,2025-12-01,2025-12-31,active
sub_dc758279,user_00822,Standard,annual,799000,credit_card,2025-10-06,2026-10-06,expired
sub_1e0d186c,user_00825,Premium,monthly,119000,credit_card,2025-04-24,2025-05-24,active
sub_272ede8a,user_00826,Standard,monthly,79000,credit_card,2025-10-04,2025-11-03,expired
sub_44410453,user_00827,Premium,annual,1199000,bank_transfer,2025-09-07,2026-09-07,expired
sub_c70375c3,user_00828,Premium,monthly,119000,bank_transfer,2025-10-05,2025-11-04,active
sub_4a8fa3fa,user_00829,Basic,annual,499000,debit_card,2026-03-24,2027-03-24,expired
sub_7028e421,user_00830,Standard,annual,799000,credit_card,2025-07-23,2026-07-23,active
sub_1da9a653,user_00832,Standard,monthly,79000,debit_card,2025-07-12,2025-08-11,active
sub_b1c89fa2,user_00833,Standard,annual,799000,debit_card,2025-09-15,2026-09-15,active
sub_bed98eea,user_00834,Standard,annual,799000,credit_card,2025-10-07,2026-10-07,active
sub_62b765ef,user_00837,Premium,annual,1199000,e_wallet,2025-09-28,2026-09-28,active
sub_a1868a1c,user_00838,Standard,annual,799000,debit_card,2026-01-16,2027-01-16,active
sub_eb435a64,user_00839,Basic,monthly,49000,credit_card,2026-01-13,2026-02-12,active
sub_15234fac,user_00840,Premium,monthly,119000,credit_card,2025-06-22,2025-07-22,cancelled
sub_a7bd2c4f,user_00841,Premium,annual,1199000,bank_transfer,2025-04-14,2026-04-14,active
sub_8e30b877,user_00842,Premium,monthly,119000,bank_transfer,2025-08-12,2025-09-11,active
sub_7e0613ec,user_00843,Standard,monthly,79000,bank_transfer,2025-06-08,2025-07-08,active
sub_c52884c9,user_00845,Premium,annual,1199000,e_wallet,2025-05-17,2026-05-17,active
sub_77af8d5e,user_00846,Standard,annual,799000,bank_transfer,2026-02-03,2027-02-03,active
sub_6f098c96,user_00847,Standard,annual,799000,bank_transfer,2025-11-13,2026-11-13,cancelled
sub_0b7e00bd,user_00848,Premium,annual,1199000,e_wallet,2026-02-10,2027-02-10,active
sub_bea15229,user_00849,Basic,annual,499000,e_wallet,2025-08-19,2026-08-19,active
sub_a16d8c15,user_00850,Premium,annual,1199000,e_wallet,2025-06-03,2026-06-03,active
sub_fc3471a6,user_00852,Premium,annual,1199000,credit_card,2025-12-17,2026-12-17,active
sub_11c65224,user_00853,Standard,monthly,79000,credit_card,2026-02-17,2026-03-19,cancelled
sub_30dd94f2,user_00855,Standard,annual,799000,e_wallet,2025-07-23,2026-07-23,active
sub_b15f741b,user_00856,Premium,annual,1199000,e_wallet,2025-08-20,2026-08-20,cancelled
sub_df8d4970,user_00857,Basic,annual,499000,debit_card,2025-09-19,2026-09-19,active
sub_cd216bb7,user_00858,Basic,annual,499000,credit_card,2025-04-14,2026-04-14,expired
sub_f09b5820,user_00859,Basic,annual,499000,credit_card,2025-12-26,2026-12-26,active
sub_3598083d,user_00860,Basic,annual,499000,bank_transfer,2025-09-28,2026-09-28,active
sub_4c6b5c18,user_00861,Basic,annual,499000,credit_card,2025-11-23,2026-11-23,active
sub_e285b114,user_00862,Standard,annual,799000,e_wallet,2025-11-14,2026-11-14,expired
sub_5a264a39,user_00863,Premium,monthly,119000,debit_card,2025-06-16,2025-07-16,active
sub_18d397cc,user_00864,Standard,monthly,79000,bank_transfer,2025-10-25,2025-11-24,active
sub_5f48fab4,user_00867,Standard,annual,799000,bank_transfer,2026-01-02,2027-01-02,active
sub_d473a001,user_00868,Standard,monthly,79000,bank_transfer,2025-12-13,2026-01-12,active
sub_a00e845c,user_00869,Basic,monthly,49000,credit_card,2025-06-04,2025-07-04,active
sub_4db54a87,user_00871,Standard,monthly,79000,debit_card,2025-04-22,2025-05-22,active
sub_1e368b8b,user_00872,Basic,monthly,49000,debit_card,2026-01-22,2026-02-21,active
sub_865c1a94,user_00873,Basic,annual,499000,credit_card,2025-10-09,2026-10-09,active
sub_65d203b1,user_00874,Basic,monthly,49000,e_wallet,2025-04-14,2025-05-14,active
sub_224786fc,user_00875,Basic,annual,499000,e_wallet,2026-01-04,2027-01-04,active
sub_7c1234fd,user_00877,Premium,monthly,119000,e_wallet,2025-07-21,2025-08-20,active
sub_42ae818e,user_00878,Premium,monthly,119000,debit_card,2026-01-09,2026-02-08,active
sub_c308ff7a,user_00879,Standard,annual,799000,bank_transfer,2026-03-24,2027-03-24,active
sub_df7b55c4,user_00880,Standard,monthly,79000,bank_transfer,2026-02-05,2026-03-07,expired
sub_d969876f,user_00881,Basic,monthly,49000,e_wallet,2025-07-07,2025-08-06,active
sub_8b2530d9,user_00883,Basic,monthly,49000,bank_transfer,2026-01-22,2026-02-21,active
sub_9d66ea31,user_00884,Basic,annual,499000,e_wallet,2025-07-14,2026-07-14,expired
sub_ac0bbc52,user_00885,Basic,monthly,49000,bank_transfer,2025-12-30,2026-01-29,active
sub_bbc1babc,user_00886,Premium,annual,1199000,debit_card,2025-06-07,2026-06-07,active
sub_c4ba611d,user_00887,Basic,annual,499000,debit_card,2025-07-20,2026-07-20,active
sub_de2e6ba1,user_00889,Basic,annual,499000,e_wallet,2026-02-02,2027-02-02,active
sub_afa0500d,user_00890,Premium,annual,1199000,credit_card,2025-07-31,2026-07-31,expired
sub_c1082890,user_00892,Premium,annual,1199000,bank_transfer,2025-06-03,2026-06-03,active
sub_a6d65f46,user_00893,Basic,annual,499000,debit_card,2025-05-05,2026-05-05,active
sub_820253ba,user_00894,Premium,monthly,119000,debit_card,2025-05-24,2025-06-23,cancelled
sub_d56c6f9a,user_00895,Premium,annual,1199000,credit_card,2026-03-16,2027-03-16,active
sub_64b32f56,user_00896,Standard,monthly,79000,credit_card,2026-02-11,2026-03-13,cancelled
sub_681f5caa,user_00897,Standard,annual,799000,credit_card,2025-11-04,2026-11-04,active
sub_263eac70,user_00899,Standard,annual,799000,bank_transfer,2025-12-10,2026-12-10,active
sub_b544d4f2,user_00901,Standard,monthly,79000,e_wallet,2026-01-27,2026-02-26,active
sub_204626fe,user_00903,Premium,annual,1199000,credit_card,2026-01-31,2027-01-31,active
sub_e4fe5a41,user_00905,Basic,monthly,49000,bank_transfer,2026-03-09,2026-04-08,active
sub_69d5c007,user_00906,Basic,annual,499000,debit_card,2026-02-02,2027-02-02,active
sub_952053fc,user_00907,Basic,annual,499000,credit_card,2026-03-11,2027-03-11,expired
sub_cf550168,user_00909,Basic,annual,499000,bank_transfer,2026-02-08,2027-02-08,active
sub_a4a1fe37,user_00910,Standard,annual,799000,bank_transfer,2025-07-30,2026-07-30,cancelled
sub_7bdde188,user_00911,Premium,annual,1199000,credit_card,2025-04-20,2026-04-20,active
sub_42b45146,user_00912,Basic,monthly,49000,bank_transfer,2025-11-21,2025-12-21,active
sub_314e77e7,user_00913,Basic,annual,499000,e_wallet,2025-11-21,2026-11-21,expired
sub_2c20a863,user_00914,Basic,annual,499000,e_wallet,2026-03-08,2027-03-08,cancelled
sub_08e17c33,user_00916,Basic,annual,499000,e_wallet,2025-10-07,2026-10-07,active
sub_bd3e0eb7,user_00917,Basic,annual,499000,e_wallet,2025-10-27,2026-10-27,active
sub_0cef4c4c,user_00920,Premium,annual,1199000,e_wallet,2026-01-06,2027-01-06,active
sub_63891ddb,user_00921,Premium,annual,1199000,bank_transfer,2025-08-22,2026-08-22,cancelled
sub_fb729d47,user_00922,Standard,monthly,79000,credit_card,2025-10-13,2025-11-12,active
sub_f991c895,user_00923,Basic,annual,499000,e_wallet,2026-02-18,2027-02-18,expired
sub_ef1c72b7,user_00924,Premium,monthly,119000,debit_card,2026-02-20,2026-03-22,active
sub_3ef46893,user_00925,Premium,annual,1199000,credit_card,2025-06-27,2026-06-27,active
sub_123fa551,user_00926,Standard,annual,799000,credit_card,2025-09-18,2026-09-18,active
sub_20537985,user_00928,Standard,annual,799000,e_wallet,2025-09-05,2026-09-05,expired
sub_f2ad0828,user_00929,Basic,annual,499000,bank_transfer,2026-03-05,2027-03-05,active
sub_2c751789,user_00930,Standard,annual,799000,bank_transfer,2025-07-22,2026-07-22,cancelled
sub_05673af3,user_00931,Basic,monthly,49000,bank_transfer,2025-04-14,2025-05-14,active
sub_6c11a665,user_00933,Premium,monthly,119000,e_wallet,2026-01-03,2026-02-02,active
sub_e0ceed36,user_00935,Standard,monthly,79000,bank_transfer,2026-04-01,2026-05-01,cancelled
sub_2f28af71,user_00936,Premium,annual,1199000,debit_card,2025-10-10,2026-10-10,active
sub_2b4164d9,user_00937,Premium,monthly,119000,bank_transfer,2026-01-03,2026-02-02,active
sub_e8bc9b30,user_00938,Premium,monthly,119000,e_wallet,2025-07-07,2025-08-06,cancelled
sub_a2d1fd6b,user_00939,Basic,annual,499000,credit_card,2025-07-21,2026-07-21,active
sub_5143d410,user_00940,Standard,monthly,79000,e_wallet,2026-04-01,2026-05-01,expired
sub_c6a39598,user_00941,Standard,annual,799000,bank_transfer,2025-11-25,2026-11-25,active
sub_1da1c446,user_00942,Standard,monthly,79000,e_wallet,2025-05-18,2025-06-17,expired
sub_0c4ab490,user_00943,Standard,annual,799000,credit_card,2026-01-09,2027-01-09,active
sub_b3be125e,user_00945,Standard,annual,799000,debit_card,2025-08-08,2026-08-08,active
sub_796a119d,user_00946,Premium,monthly,119000,debit_card,2025-04-08,2025-05-08,active
sub_719716cf,user_00947,Basic,monthly,49000,credit_card,2025-09-03,2025-10-03,active
sub_55111965,user_00949,Premium,monthly,119000,bank_transfer,2025-06-27,2025-07-27,active
sub_19e0add5,user_00950,Basic,monthly,49000,bank_transfer,2025-11-12,2025-12-12,cancelled
sub_b9db4c28,user_00951,Premium,monthly,119000,debit_card,2025-12-28,2026-01-27,active
sub_2bbb7e77,user_00952,Basic,annual,499000,debit_card,2025-12-05,2026-12-05,active
sub_96bc935f,user_00953,Standard,annual,799000,e_wallet,2025-06-05,2026-06-05,active
sub_52c2a792,user_00954,Basic,monthly,49000,e_wallet,2025-09-18,2025-10-18,active
sub_1c3b1c3a,user_00955,Basic,annual,499000,credit_card,2025-09-17,2026-09-17,expired
sub_f7203396,user_00956,Standard,monthly,79000,e_wallet,2025-10-21,2025-11-20,active
sub_fa8e186d,user_00957,Basic,monthly,49000,debit_card,2025-05-30,2025-06-29,active
sub_403e2999,user_00958,Premium,monthly,119000,e_wallet,2025-08-08,2025-09-07,active
sub_5ce1c7b5,user_00959,Standard,monthly,79000,credit_card,2025-11-09,2025-12-09,active
sub_26f19ea2,user_00960,Premium,monthly,119000,e_wallet,2025-06-26,2025-07-26,active
sub_9707abbf,user_00962,Standard,annual,799000,debit_card,2025-12-25,2026-12-25,active
sub_1651f9dd,user_00963,Basic,annual,499000,bank_transfer,2026-02-18,2027-02-18,active
sub_d0974057,user_00964,Premium,annual,1199000,e_wallet,2025-12-29,2026-12-29,active
sub_8741e7e3,user_00965,Premium,annual,1199000,e_wallet,2026-03-26,2027-03-26,active
sub_5b3d38bf,user_00966,Standard,annual,799000,bank_transfer,2025-08-12,2026-08-12,cancelled
sub_2d19564e,user_00967,Premium,annual,1199000,bank_transfer,2026-01-18,2027-01-18,active
sub_1bbfeccf,user_00969,Premium,monthly,119000,bank_transfer,2025-08-15,2025-09-14,expired
sub_61bf345b,user_00970,Premium,monthly,119000,e_wallet,2026-04-06,2026-05-06,cancelled
sub_0a92a08c,user_00971,Standard,annual,799000,bank_transfer,2025-11-26,2026-11-26,active
sub_cda46a56,user_00972,Premium,annual,1199000,credit_card,2025-08-07,2026-08-07,active
sub_16521d60,user_00975,Premium,monthly,119000,e_wallet,2025-08-19,2025-09-18,expired
sub_b3e79696,user_00976,Standard,monthly,79000,e_wallet,2025-10-02,2025-11-01,active
sub_a0a6220a,user_00977,Standard,monthly,79000,bank_transfer,2025-11-08,2025-12-08,cancelled
sub_6bad9c23,user_00978,Standard,monthly,79000,credit_card,2026-02-09,2026-03-11,expired
sub_8019b0e4,user_00980,Basic,monthly,49000,debit_card,2025-04-20,2025-05-20,expired
sub_be7dca47,user_00981,Standard,annual,799000,e_wallet,2025-05-19,2026-05-19,active
sub_32597c00,user_00982,Premium,annual,1199000,debit_card,2026-02-23,2027-02-23,expired
sub_36487fd4,user_00983,Basic,monthly,49000,debit_card,2026-02-08,2026-03-10,cancelled
sub_7d9ee683,user_00984,Premium,annual,1199000,e_wallet,2025-09-02,2026-09-02,active
sub_066a9dc3,user_00985,Standard,monthly,79000,credit_card,2025-08-07,2025-09-06,cancelled
sub_4228e366,user_00986,Standard,annual,799000,debit_card,2025-08-25,2026-08-25,cancelled
sub_4c437f90,user_00987,Standard,monthly,79000,credit_card,2025-08-10,2025-09-09,active
sub_494b7b9b,user_00991,Standard,annual,799000,credit_card,2025-04-18,2026-04-18,expired
sub_5f8ad687,user_00992,Basic,monthly,49000,debit_card,2025-08-10,2025-09-09,active
sub_647682c2,user_00994,Basic,monthly,49000,debit_card,2025-09-24,2025-10-24,active
sub_667cd5c7,user_00997,Standard,annual,799000,e_wallet,2026-03-05,2027-03-05,cancelled
sub_789807e9,user_00999,Premium,monthly,119000,bank_transfer,2025-11-29,2025-12-29,active
sub_7cba5e5b,user_01000,Basic,annual,499000,credit_card,2025-10-12,2026-10-12,active
